Name,Department,Skill,Name2,Department2,Skill2,Name3,Department3,Skill3,Name3,Department3,Skill3,Name4,Department4,Skill4,Name5,Department5,Skill5,Name6,Department6,Skill6
Mahesh kumar,SBS,Elite,Mahesh kumar,SBS,Elite,Mahesh kumar,SBS,Elite,Mahesh kumar,SBS,Elite,Mahesh kumar,SBS,Elite,Mahesh kumar,SBS,Elite,Mahesh kumar,SBS,Elite
Mahesh kumar,SBS,Elite,Mahesh kumar,SBS,Elite,Mahesh kumar,SBS,Elite,Mahesh kumar,SBS,Elite,Mahesh kumar,SBS,Elite,Mahesh kumar,SBS,Elite,Mahesh kumar,SBS,Elite
Mahesh kumar,SBS,Elite,Mahesh kumar,SBS,Elite,Mahesh kumar,SBS,Elite,Mahesh kumar,SBS,Elite,Mahesh kumar,SBS,Elite,Mahesh kumar,SBS,Elite,Mahesh kumar,SBS,Elite
Mahesh kumar,SBS,Elite,Mahesh kumar,SBS,Elite,Mahesh kumar,SBS,Elite,Mahesh kumar,SBS,Elite,Mahesh kumar,SBS,Elite,Mahesh kumar,SBS,Elite,Mahesh kumar,SBS,Elite
Mahesh kumar,SBS,Elite,Mahesh kumar,SBS,Elite,Mahesh kumar,SBS,Elite,Mahesh kumar,SBS,Elite,Mahesh kumar,SBS,Elite,Mahesh kumar,SBS,Elite,Mahesh kumar,SBS,Elite
Mahesh kumar,SBS,Elite,Mahesh kumar,SBS,Elite,Mahesh kumar,SBS,Elite,Mahesh kumar,SBS,Elite,Mahesh kumar,SBS,Elite,Mahesh kumar,SBS,Elite,Mahesh kumar,SBS,Elite
Mahesh kumar,SBS,Elite,Mahesh kumar,SBS,Elite,Mahesh kumar,SBS,Elite,Mahesh kumar,SBS,Elite,Mahesh kumar,SBS,Elite,Mahesh kumar,SBS,Elite,Mahesh kumar,SBS,Elite
Mahesh kumar,SBS,Elite,Mahesh kumar,SBS,Elite,Mahesh kumar,SBS,Elite,Mahesh kumar,SBS,Elite,Mahesh kumar,SBS,Elite,Mahesh kumar,SBS,Elite,Mahesh kumar,SBS,Elite
Mahesh kumar,SBS,Elite,Mahesh kumar,SBS,Elite,Mahesh kumar,SBS,Elite,Mahesh kumar,SBS,Elite,Mahesh kumar,SBS,Elite,Mahesh kumar,SBS,Elite,Mahesh kumar,SBS,Elite
Mahesh kumar,SBS,Elite,Mahesh kumar,SBS,Elite,Mahesh kumar,SBS,Elite,Mahesh kumar,SBS,Elite,Mahesh kumar,SBS,Elite,Mahesh kumar,SBS,Elite,Mahesh kumar,SBS,Elite
Mahesh kumar,SBS,Elite,Mahesh kumar,SBS,Elite,Mahesh kumar,SBS,Elite,Mahesh kumar,SBS,Elite,Mahesh kumar,SBS,Elite,Mahesh kumar,SBS,Elite,Mahesh kumar,SBS,Elite
Mahesh kumar,SBS,Elite,Mahesh kumar,SBS,Elite,Mahesh kumar,SBS,Elite,Mahesh kumar,SBS,Elite,Mahesh kumar,SBS,Elite,Mahesh kumar,SBS,Elite,Mahesh kumar,SBS,Elite
Mahesh kumar,SBS,Elite,Mahesh kumar,SBS,Elite,Mahesh kumar,SBS,Elite,Mahesh kumar,SBS,Elite,Mahesh kumar,SBS,Elite,Mahesh kumar,SBS,Elite,Mahesh kumar,SBS,Elite
Mahesh kumar,SBS,Elite,Mahesh kumar,SBS,Elite,Mahesh kumar,SBS,Elite,Mahesh kumar,SBS,Elite,Mahesh kumar,SBS,Elite,Mahesh kumar,SBS,Elite,Mahesh kumar,SBS,Elite
Mahesh kumar,SBS,Elite,Mahesh kumar,SBS,Elite,Mahesh kumar,SBS,Elite,Mahesh kumar,SBS,Elite,Mahesh kumar,SBS,Elite,Mahesh kumar,SBS,Elite,Mahesh kumar,SBS,Elite
Mahesh kumar,SBS,Elite,Mahesh kumar,SBS,Elite,Mahesh kumar,SBS,Elite,Mahesh kumar,SBS,Elite,Mahesh kumar,SBS,Elite,Mahesh kumar,SBS,Elite,Mahesh kumar,SBS,Elite
Mahesh kumar,SBS,Elite,Mahesh kumar,SBS,Elite,Mahesh kumar,SBS,Elite,Mahesh kumar,SBS,Elite,Mahesh kumar,SBS,Elite,Mahesh kumar,SBS,Elite,Mahesh kumar,SBS,Elite
Mahesh kumar,SBS,Elite,Mahesh kumar,SBS,Elite,Mahesh kumar,SBS,Elite,Mahesh kumar,SBS,Elite,Mahesh kumar,SBS,Elite,Mahesh kumar,SBS,Elite,Mahesh kumar,SBS,Elite
Mahesh kumar,SBS,Elite,Mahesh kumar,SBS,Elite,Mahesh kumar,SBS,Elite,Mahesh kumar,SBS,Elite,Mahesh kumar,SBS,Elite,Mahesh kumar,SBS,Elite,Mahesh kumar,SBS,Elite
Mahesh kumar,SBS,Elite,Mahesh kumar,SBS,Elite,Mahesh kumar,SBS,Elite,Mahesh kumar,SBS,Elite,Mahesh kumar,SBS,Elite,Mahesh kumar,SBS,Elite,Mahesh kumar,SBS,Elite
Mahesh kumar,SBS,Elite,Mahesh kumar,SBS,Elite,Mahesh kumar,SBS,Elite,Mahesh kumar,SBS,Elite,Mahesh kumar,SBS,Elite,Mahesh kumar,SBS,Elite,Mahesh kumar,SBS,Elite
Mahesh kumar,SBS,Elite,Mahesh kumar,SBS,Elite,Mahesh kumar,SBS,Elite,Mahesh kumar,SBS,Elite,Mahesh kumar,SBS,Elite,Mahesh kumar,SBS,Elite,Mahesh kumar,SBS,Elite
Mahesh kumar,SBS,Elite,Mahesh kumar,SBS,Elite,Mahesh kumar,SBS,Elite,Mahesh kumar,SBS,Elite,Mahesh kumar,SBS,Elite,Mahesh kumar,SBS,Elite,Mahesh kumar,SBS,Elite
Mahesh kumar,SBS,Elite,Mahesh kumar,SBS,Elite,Mahesh kumar,SBS,Elite,Mahesh kumar,SBS,Elite,Mahesh kumar,SBS,Elite,Mahesh kumar,SBS,Elite,Mahesh kumar,SBS,Elite
Mahesh kumar,SBS,Elite,Mahesh kumar,SBS,Elite,Mahesh kumar,SBS,Elite,Mahesh kumar,SBS,Elite,Mahesh kumar,SBS,Elite,Mahesh kumar,SBS,Elite,Mahesh kumar,SBS,Elite
Mahesh kumar,SBS,Elite,Mahesh kumar,SBS,Elite,Mahesh kumar,SBS,Elite,Mahesh kumar,SBS,Elite,Mahesh kumar,SBS,Elite,Mahesh kumar,SBS,Elite,Mahesh kumar,SBS,Elite
Mahesh kumar,SBS,Elite,Mahesh kumar,SBS,Elite,Mahesh kumar,SBS,Elite,Mahesh kumar,SBS,Elite,Mahesh kumar,SBS,Elite,Mahesh kumar,SBS,Elite,Mahesh kumar,SBS,Elite
Mahesh kumar,SBS,Elite,Mahesh kumar,SBS,Elite,Mahesh kumar,SBS,Elite,Mahesh kumar,SBS,Elite,Mahesh kumar,SBS,Elite,Mahesh kumar,SBS,Elite,Mahesh kumar,SBS,Elite
Mahesh kumar,SBS,Elite,Mahesh kumar,SBS,Elite,Mahesh kumar,SBS,Elite,Mahesh kumar,SBS,Elite,Mahesh kumar,SBS,Elite,Mahesh kumar,SBS,Elite,Mahesh kumar,SBS,Elite
Mahesh kumar,SBS,Elite,Mahesh kumar,SBS,Elite,Mahesh kumar,SBS,Elite,Mahesh kumar,SBS,Elite,Mahesh kumar,SBS,Elite,Mahesh kumar,SBS,Elite,Mahesh kumar,SBS,Elite
Mahesh kumar,SBS,Elite,Mahesh kumar,SBS,Elite,Mahesh kumar,SBS,Elite,Mahesh kumar,SBS,Elite,Mahesh kumar,SBS,Elite,Mahesh kumar,SBS,Elite,Mahesh kumar,SBS,Elite
Mahesh kumar,SBS,Elite,Mahesh kumar,SBS,Elite,Mahesh kumar,SBS,Elite,Mahesh kumar,SBS,Elite,Mahesh kumar,SBS,Elite,Mahesh kumar,SBS,Elite,Mahesh kumar,SBS,Elite
Mahesh kumar,SBS,Elite,Mahesh kumar,SBS,Elite,Mahesh kumar,SBS,Elite,Mahesh kumar,SBS,Elite,Mahesh kumar,SBS,Elite,Mahesh kumar,SBS,Elite,Mahesh kumar,SBS,Elite
Mahesh kumar,SBS,Elite,Mahesh kumar,SBS,Elite,Mahesh kumar,SBS,Elite,Mahesh kumar,SBS,Elite,Mahesh kumar,SBS,Elite,Mahesh kumar,SBS,Elite,Mahesh kumar,SBS,Elite
Mahesh kumar,SBS,Elite,Mahesh kumar,SBS,Elite,Mahesh kumar,SBS,Elite,Mahesh kumar,SBS,Elite,Mahesh kumar,SBS,Elite,Mahesh kumar,SBS,Elite,Mahesh kumar,SBS,Elite
Mahesh kumar,SBS,Elite,Mahesh kumar,SBS,Elite,Mahesh kumar,SBS,Elite,Mahesh kumar,SBS,Elite,Mahesh kumar,SBS,Elite,Mahesh kumar,SBS,Elite,Mahesh kumar,SBS,Elite
Mahesh kumar,SBS,Elite,Mahesh kumar,SBS,Elite,Mahesh kumar,SBS,Elite,Mahesh kumar,SBS,Elite,Mahesh kumar,SBS,Elite,Mahesh kumar,SBS,Elite,Mahesh kumar,SBS,Elite
Mahesh kumar,SBS,Elite,Mahesh kumar,SBS,Elite,Mahesh kumar,SBS,Elite,Mahesh kumar,SBS,Elite,Mahesh kumar,SBS,Elite,Mahesh kumar,SBS,Elite,Mahesh kumar,SBS,Elite
Mahesh kumar,SBS,Elite,Mahesh kumar,SBS,Elite,Mahesh kumar,SBS,Elite,Mahesh kumar,SBS,Elite,Mahesh kumar,SBS,Elite,Mahesh kumar,SBS,Elite,Mahesh kumar,SBS,Elite
Mahesh kumar,SBS,Elite,Mahesh kumar,SBS,Elite,Mahesh kumar,SBS,Elite,Mahesh kumar,SBS,Elite,Mahesh kumar,SBS,Elite,Mahesh kumar,SBS,Elite,Mahesh kumar,SBS,Elite
Mahesh kumar,SBS,Elite,Mahesh kumar,SBS,Elite,Mahesh kumar,SBS,Elite,Mahesh kumar,SBS,Elite,Mahesh kumar,SBS,Elite,Mahesh kumar,SBS,Elite,Mahesh kumar,SBS,Elite
Mahesh kumar,SBS,Elite,Mahesh kumar,SBS,Elite,Mahesh kumar,SBS,Elite,Mahesh kumar,SBS,Elite,Mahesh kumar,SBS,Elite,Mahesh kumar,SBS,Elite,Mahesh kumar,SBS,Elite
Mahesh kumar,SBS,Elite,Mahesh kumar,SBS,Elite,Mahesh kumar,SBS,Elite,Mahesh kumar,SBS,Elite,Mahesh kumar,SBS,Elite,Mahesh kumar,SBS,Elite,Mahesh kumar,SBS,Elite
Mahesh kumar,SBS,Elite,Mahesh kumar,SBS,Elite,Mahesh kumar,SBS,Elite,Mahesh kumar,SBS,Elite,Mahesh kumar,SBS,Elite,Mahesh kumar,SBS,Elite,Mahesh kumar,SBS,Elite
Mahesh kumar,SBS,Elite,Mahesh kumar,SBS,Elite,Mahesh kumar,SBS,Elite,Mahesh kumar,SBS,Elite,Mahesh kumar,SBS,Elite,Mahesh kumar,SBS,Elite,Mahesh kumar,SBS,Elite
Mahesh kumar,SBS,Elite,Mahesh kumar,SBS,Elite,Mahesh kumar,SBS,Elite,Mahesh kumar,SBS,Elite,Mahesh kumar,SBS,Elite,Mahesh kumar,SBS,Elite,Mahesh kumar,SBS,Elite
Mahesh kumar,SBS,Elite,Mahesh kumar,SBS,Elite,Mahesh kumar,SBS,Elite,Mahesh kumar,SBS,Elite,Mahesh kumar,SBS,Elite,Mahesh kumar,SBS,Elite,Mahesh kumar,SBS,Elite
Mahesh kumar,SBS,Elite,Mahesh kumar,SBS,Elite,Mahesh kumar,SBS,Elite,Mahesh kumar,SBS,Elite,Mahesh kumar,SBS,Elite,Mahesh kumar,SBS,Elite,Mahesh kumar,SBS,Elite
Mahesh kumar,SBS,Elite,Mahesh kumar,SBS,Elite,Mahesh kumar,SBS,Elite,Mahesh kumar,SBS,Elite,Mahesh kumar,SBS,Elite,Mahesh kumar,SBS,Elite,Mahesh kumar,SBS,Elite
Mahesh kumar,SBS,Elite,Mahesh kumar,SBS,Elite,Mahesh kumar,SBS,Elite,Mahesh kumar,SBS,Elite,Mahesh kumar,SBS,Elite,Mahesh kumar,SBS,Elite,Mahesh kumar,SBS,Elite
Mahesh kumar,SBS,Elite,Mahesh kumar,SBS,Elite,Mahesh kumar,SBS,Elite,Mahesh kumar,SBS,Elite,Mahesh kumar,SBS,Elite,Mahesh kumar,SBS,Elite,Mahesh kumar,SBS,Elite
Mahesh kumar,SBS,Elite,Mahesh kumar,SBS,Elite,Mahesh kumar,SBS,Elite,Mahesh kumar,SBS,Elite,Mahesh kumar,SBS,Elite,Mahesh kumar,SBS,Elite,Mahesh kumar,SBS,Elite
Mahesh kumar,SBS,Elite,Mahesh kumar,SBS,Elite,Mahesh kumar,SBS,Elite,Mahesh kumar,SBS,Elite,Mahesh kumar,SBS,Elite,Mahesh kumar,SBS,Elite,Mahesh kumar,SBS,Elite
Mahesh kumar,SBS,Elite,Mahesh kumar,SBS,Elite,Mahesh kumar,SBS,Elite,Mahesh kumar,SBS,Elite,Mahesh kumar,SBS,Elite,Mahesh kumar,SBS,Elite,Mahesh kumar,SBS,Elite
Mahesh kumar,SBS,Elite,Mahesh kumar,SBS,Elite,Mahesh kumar,SBS,Elite,Mahesh kumar,SBS,Elite,Mahesh kumar,SBS,Elite,Mahesh kumar,SBS,Elite,Mahesh kumar,SBS,Elite
Mahesh kumar,SBS,Elite,Mahesh kumar,SBS,Elite,Mahesh kumar,SBS,Elite,Mahesh kumar,SBS,Elite,Mahesh kumar,SBS,Elite,Mahesh kumar,SBS,Elite,Mahesh kumar,SBS,Elite
Mahesh kumar,SBS,Elite,Mahesh kumar,SBS,Elite,Mahesh kumar,SBS,Elite,Mahesh kumar,SBS,Elite,Mahesh kumar,SBS,Elite,Mahesh kumar,SBS,Elite,Mahesh kumar,SBS,Elite
Mahesh kumar,SBS,Elite,Mahesh kumar,SBS,Elite,Mahesh kumar,SBS,Elite,Mahesh kumar,SBS,Elite,Mahesh kumar,SBS,Elite,Mahesh kumar,SBS,Elite,Mahesh kumar,SBS,Elite
Mahesh kumar,SBS,Elite,Mahesh kumar,SBS,Elite,Mahesh kumar,SBS,Elite,Mahesh kumar,SBS,Elite,Mahesh kumar,SBS,Elite,Mahesh kumar,SBS,Elite,Mahesh kumar,SBS,Elite
Mahesh kumar,SBS,Elite,Mahesh kumar,SBS,Elite,Mahesh kumar,SBS,Elite,Mahesh kumar,SBS,Elite,Mahesh kumar,SBS,Elite,Mahesh kumar,SBS,Elite,Mahesh kumar,SBS,Elite
Mahesh kumar,SBS,Elite,Mahesh kumar,SBS,Elite,Mahesh kumar,SBS,Elite,Mahesh kumar,SBS,Elite,Mahesh kumar,SBS,Elite,Mahesh kumar,SBS,Elite,Mahesh kumar,SBS,Elite
Mahesh kumar,SBS,Elite,Mahesh kumar,SBS,Elite,Mahesh kumar,SBS,Elite,Mahesh kumar,SBS,Elite,Mahesh kumar,SBS,Elite,Mahesh kumar,SBS,Elite,Mahesh kumar,SBS,Elite
Mahesh kumar,SBS,Elite,Mahesh kumar,SBS,Elite,Mahesh kumar,SBS,Elite,Mahesh kumar,SBS,Elite,Mahesh kumar,SBS,Elite,Mahesh kumar,SBS,Elite,Mahesh kumar,SBS,Elite
Mahesh kumar,SBS,Elite,Mahesh kumar,SBS,Elite,Mahesh kumar,SBS,Elite,Mahesh kumar,SBS,Elite,Mahesh kumar,SBS,Elite,Mahesh kumar,SBS,Elite,Mahesh kumar,SBS,Elite
Mahesh kumar,SBS,Elite,Mahesh kumar,SBS,Elite,Mahesh kumar,SBS,Elite,Mahesh kumar,SBS,Elite,Mahesh kumar,SBS,Elite,Mahesh kumar,SBS,Elite,Mahesh kumar,SBS,Elite
Mahesh kumar,SBS,Elite,Mahesh kumar,SBS,Elite,Mahesh kumar,SBS,Elite,Mahesh kumar,SBS,Elite,Mahesh kumar,SBS,Elite,Mahesh kumar,SBS,Elite,Mahesh kumar,SBS,Elite
Mahesh kumar,SBS,Elite,Mahesh kumar,SBS,Elite,Mahesh kumar,SBS,Elite,Mahesh kumar,SBS,Elite,Mahesh kumar,SBS,Elite,Mahesh kumar,SBS,Elite,Mahesh kumar,SBS,Elite
Mahesh kumar,SBS,Elite,Mahesh kumar,SBS,Elite,Mahesh kumar,SBS,Elite,Mahesh kumar,SBS,Elite,Mahesh kumar,SBS,Elite,Mahesh kumar,SBS,Elite,Mahesh kumar,SBS,Elite
Mahesh kumar,SBS,Elite,Mahesh kumar,SBS,Elite,Mahesh kumar,SBS,Elite,Mahesh kumar,SBS,Elite,Mahesh kumar,SBS,Elite,Mahesh kumar,SBS,Elite,Mahesh kumar,SBS,Elite
Mahesh kumar,SBS,Elite,Mahesh kumar,SBS,Elite,Mahesh kumar,SBS,Elite,Mahesh kumar,SBS,Elite,Mahesh kumar,SBS,Elite,Mahesh kumar,SBS,Elite,Mahesh kumar,SBS,Elite
Mahesh kumar,SBS,Elite,Mahesh kumar,SBS,Elite,Mahesh kumar,SBS,Elite,Mahesh kumar,SBS,Elite,Mahesh kumar,SBS,Elite,Mahesh kumar,SBS,Elite,Mahesh kumar,SBS,Elite
Mahesh kumar,SBS,Elite,Mahesh kumar,SBS,Elite,Mahesh kumar,SBS,Elite,Mahesh kumar,SBS,Elite,Mahesh kumar,SBS,Elite,Mahesh kumar,SBS,Elite,Mahesh kumar,SBS,Elite
Mahesh kumar,SBS,Elite,Mahesh kumar,SBS,Elite,Mahesh kumar,SBS,Elite,Mahesh kumar,SBS,Elite,Mahesh kumar,SBS,Elite,Mahesh kumar,SBS,Elite,Mahesh kumar,SBS,Elite
Mahesh kumar,SBS,Elite,Mahesh kumar,SBS,Elite,Mahesh kumar,SBS,Elite,Mahesh kumar,SBS,Elite,Mahesh kumar,SBS,Elite,Mahesh kumar,SBS,Elite,Mahesh kumar,SBS,Elite
Mahesh kumar,SBS,Elite,Mahesh kumar,SBS,Elite,Mahesh kumar,SBS,Elite,Mahesh kumar,SBS,Elite,Mahesh kumar,SBS,Elite,Mahesh kumar,SBS,Elite,Mahesh kumar,SBS,Elite
Mahesh kumar,SBS,Elite,Mahesh kumar,SBS,Elite,Mahesh kumar,SBS,Elite,Mahesh kumar,SBS,Elite,Mahesh kumar,SBS,Elite,Mahesh kumar,SBS,Elite,Mahesh kumar,SBS,Elite
Mahesh kumar,SBS,Elite,Mahesh kumar,SBS,Elite,Mahesh kumar,SBS,Elite,Mahesh kumar,SBS,Elite,Mahesh kumar,SBS,Elite,Mahesh kumar,SBS,Elite,Mahesh kumar,SBS,Elite
Mahesh kumar,SBS,Elite,Mahesh kumar,SBS,Elite,Mahesh kumar,SBS,Elite,Mahesh kumar,SBS,Elite,Mahesh kumar,SBS,Elite,Mahesh kumar,SBS,Elite,Mahesh kumar,SBS,Elite
Mahesh kumar,SBS,Elite,Mahesh kumar,SBS,Elite,Mahesh kumar,SBS,Elite,Mahesh kumar,SBS,Elite,Mahesh kumar,SBS,Elite,Mahesh kumar,SBS,Elite,Mahesh kumar,SBS,Elite
Mahesh kumar,SBS,Elite,Mahesh kumar,SBS,Elite,Mahesh kumar,SBS,Elite,Mahesh kumar,SBS,Elite,Mahesh kumar,SBS,Elite,Mahesh kumar,SBS,Elite,Mahesh kumar,SBS,Elite
Mahesh kumar,SBS,Elite,Mahesh kumar,SBS,Elite,Mahesh kumar,SBS,Elite,Mahesh kumar,SBS,Elite,Mahesh kumar,SBS,Elite,Mahesh kumar,SBS,Elite,Mahesh kumar,SBS,Elite
Mahesh kumar,SBS,Elite,Mahesh kumar,SBS,Elite,Mahesh kumar,SBS,Elite,Mahesh kumar,SBS,Elite,Mahesh kumar,SBS,Elite,Mahesh kumar,SBS,Elite,Mahesh kumar,SBS,Elite
Mahesh kumar,SBS,Elite,Mahesh kumar,SBS,Elite,Mahesh kumar,SBS,Elite,Mahesh kumar,SBS,Elite,Mahesh kumar,SBS,Elite,Mahesh kumar,SBS,Elite,Mahesh kumar,SBS,Elite
Mahesh kumar,SBS,Elite,Mahesh kumar,SBS,Elite,Mahesh kumar,SBS,Elite,Mahesh kumar,SBS,Elite,Mahesh kumar,SBS,Elite,Mahesh kumar,SBS,Elite,Mahesh kumar,SBS,Elite
Mahesh kumar,SBS,Elite,Mahesh kumar,SBS,Elite,Mahesh kumar,SBS,Elite,Mahesh kumar,SBS,Elite,Mahesh kumar,SBS,Elite,Mahesh kumar,SBS,Elite,Mahesh kumar,SBS,Elite
Mahesh kumar,SBS,Elite,Mahesh kumar,SBS,Elite,Mahesh kumar,SBS,Elite,Mahesh kumar,SBS,Elite,Mahesh kumar,SBS,Elite,Mahesh kumar,SBS,Elite,Mahesh kumar,SBS,Elite
Mahesh kumar,SBS,Elite,Mahesh kumar,SBS,Elite,Mahesh kumar,SBS,Elite,Mahesh kumar,SBS,Elite,Mahesh kumar,SBS,Elite,Mahesh kumar,SBS,Elite,Mahesh kumar,SBS,Elite
Mahesh kumar,SBS,Elite,Mahesh kumar,SBS,Elite,Mahesh kumar,SBS,Elite,Mahesh kumar,SBS,Elite,Mahesh kumar,SBS,Elite,Mahesh kumar,SBS,Elite,Mahesh kumar,SBS,Elite
Mahesh kumar,SBS,Elite,Mahesh kumar,SBS,Elite,Mahesh kumar,SBS,Elite,Mahesh kumar,SBS,Elite,Mahesh kumar,SBS,Elite,Mahesh kumar,SBS,Elite,Mahesh kumar,SBS,Elite
Mahesh kumar,SBS,Elite,Mahesh kumar,SBS,Elite,Mahesh kumar,SBS,Elite,Mahesh kumar,SBS,Elite,Mahesh kumar,SBS,Elite,Mahesh kumar,SBS,Elite,Mahesh kumar,SBS,Elite
Mahesh kumar,SBS,Elite,Mahesh kumar,SBS,Elite,Mahesh kumar,SBS,Elite,Mahesh kumar,SBS,Elite,Mahesh kumar,SBS,Elite,Mahesh kumar,SBS,Elite,Mahesh kumar,SBS,Elite
Mahesh kumar,SBS,Elite,Mahesh kumar,SBS,Elite,Mahesh kumar,SBS,Elite,Mahesh kumar,SBS,Elite,Mahesh kumar,SBS,Elite,Mahesh kumar,SBS,Elite,Mahesh kumar,SBS,Elite
Mahesh kumar,SBS,Elite,Mahesh kumar,SBS,Elite,Mahesh kumar,SBS,Elite,Mahesh kumar,SBS,Elite,Mahesh kumar,SBS,Elite,Mahesh kumar,SBS,Elite,Mahesh kumar,SBS,Elite
Mahesh kumar,SBS,Elite,Mahesh kumar,SBS,Elite,Mahesh kumar,SBS,Elite,Mahesh kumar,SBS,Elite,Mahesh kumar,SBS,Elite,Mahesh kumar,SBS,Elite,Mahesh kumar,SBS,Elite
Mahesh kumar,SBS,Elite,Mahesh kumar,SBS,Elite,Mahesh kumar,SBS,Elite,Mahesh kumar,SBS,Elite,Mahesh kumar,SBS,Elite,Mahesh kumar,SBS,Elite,Mahesh kumar,SBS,Elite
Mahesh kumar,SBS,Elite,Mahesh kumar,SBS,Elite,Mahesh kumar,SBS,Elite,Mahesh kumar,SBS,Elite,Mahesh kumar,SBS,Elite,Mahesh kumar,SBS,Elite,Mahesh kumar,SBS,Elite
Mahesh kumar,SBS,Elite,Mahesh kumar,SBS,Elite,Mahesh kumar,SBS,Elite,Mahesh kumar,SBS,Elite,Mahesh kumar,SBS,Elite,Mahesh kumar,SBS,Elite,Mahesh kumar,SBS,Elite
Mahesh kumar,SBS,Elite,Mahesh kumar,SBS,Elite,Mahesh kumar,SBS,Elite,Mahesh kumar,SBS,Elite,Mahesh kumar,SBS,Elite,Mahesh kumar,SBS,Elite,Mahesh kumar,SBS,Elite
Mahesh kumar,SBS,Elite,Mahesh kumar,SBS,Elite,Mahesh kumar,SBS,Elite,Mahesh kumar,SBS,Elite,Mahesh kumar,SBS,Elite,Mahesh kumar,SBS,Elite,Mahesh kumar,SBS,Elite
Mahesh kumar,SBS,Elite,Mahesh kumar,SBS,Elite,Mahesh kumar,SBS,Elite,Mahesh kumar,SBS,Elite,Mahesh kumar,SBS,Elite,Mahesh kumar,SBS,Elite,Mahesh kumar,SBS,Elite
Mahesh kumar,SBS,Elite,Mahesh kumar,SBS,Elite,Mahesh kumar,SBS,Elite,Mahesh kumar,SBS,Elite,Mahesh kumar,SBS,Elite,Mahesh kumar,SBS,Elite,Mahesh kumar,SBS,Elite
Mahesh kumar,SBS,Elite,Mahesh kumar,SBS,Elite,Mahesh kumar,SBS,Elite,Mahesh kumar,SBS,Elite,Mahesh kumar,SBS,Elite,Mahesh kumar,SBS,Elite,Mahesh kumar,SBS,Elite
Mahesh kumar,SBS,Elite,Mahesh kumar,SBS,Elite,Mahesh kumar,SBS,Elite,Mahesh kumar,SBS,Elite,Mahesh kumar,SBS,Elite,Mahesh kumar,SBS,Elite,Mahesh kumar,SBS,Elite
Mahesh kumar,SBS,Elite,Mahesh kumar,SBS,Elite,Mahesh kumar,SBS,Elite,Mahesh kumar,SBS,Elite,Mahesh kumar,SBS,Elite,Mahesh kumar,SBS,Elite,Mahesh kumar,SBS,Elite
Mahesh kumar,SBS,Elite,Mahesh kumar,SBS,Elite,Mahesh kumar,SBS,Elite,Mahesh kumar,SBS,Elite,Mahesh kumar,SBS,Elite,Mahesh kumar,SBS,Elite,Mahesh kumar,SBS,Elite
Mahesh kumar,SBS,Elite,Mahesh kumar,SBS,Elite,Mahesh kumar,SBS,Elite,Mahesh kumar,SBS,Elite,Mahesh kumar,SBS,Elite,Mahesh kumar,SBS,Elite,Mahesh kumar,SBS,Elite
Mahesh kumar,SBS,Elite,Mahesh kumar,SBS,Elite,Mahesh kumar,SBS,Elite,Mahesh kumar,SBS,Elite,Mahesh kumar,SBS,Elite,Mahesh kumar,SBS,Elite,Mahesh kumar,SBS,Elite
Mahesh kumar,SBS,Elite,Mahesh kumar,SBS,Elite,Mahesh kumar,SBS,Elite,Mahesh kumar,SBS,Elite,Mahesh kumar,SBS,Elite,Mahesh kumar,SBS,Elite,Mahesh kumar,SBS,Elite
Mahesh kumar,SBS,Elite,Mahesh kumar,SBS,Elite,Mahesh kumar,SBS,Elite,Mahesh kumar,SBS,Elite,Mahesh kumar,SBS,Elite,Mahesh kumar,SBS,Elite,Mahesh kumar,SBS,Elite
Mahesh kumar,SBS,Elite,Mahesh kumar,SBS,Elite,Mahesh kumar,SBS,Elite,Mahesh kumar,SBS,Elite,Mahesh kumar,SBS,Elite,Mahesh kumar,SBS,Elite,Mahesh kumar,SBS,Elite
Mahesh kumar,SBS,Elite,Mahesh kumar,SBS,Elite,Mahesh kumar,SBS,Elite,Mahesh kumar,SBS,Elite,Mahesh kumar,SBS,Elite,Mahesh kumar,SBS,Elite,Mahesh kumar,SBS,Elite
Mahesh kumar,SBS,Elite,Mahesh kumar,SBS,Elite,Mahesh kumar,SBS,Elite,Mahesh kumar,SBS,Elite,Mahesh kumar,SBS,Elite,Mahesh kumar,SBS,Elite,Mahesh kumar,SBS,Elite
Mahesh kumar,SBS,Elite,Mahesh kumar,SBS,Elite,Mahesh kumar,SBS,Elite,Mahesh kumar,SBS,Elite,Mahesh kumar,SBS,Elite,Mahesh kumar,SBS,Elite,Mahesh kumar,SBS,Elite
Mahesh kumar,SBS,Elite,Mahesh kumar,SBS,Elite,Mahesh kumar,SBS,Elite,Mahesh kumar,SBS,Elite,Mahesh kumar,SBS,Elite,Mahesh kumar,SBS,Elite,Mahesh kumar,SBS,Elite
Mahesh kumar,SBS,Elite,Mahesh kumar,SBS,Elite,Mahesh kumar,SBS,Elite,Mahesh kumar,SBS,Elite,Mahesh kumar,SBS,Elite,Mahesh kumar,SBS,Elite,Mahesh kumar,SBS,Elite
Mahesh kumar,SBS,Elite,Mahesh kumar,SBS,Elite,Mahesh kumar,SBS,Elite,Mahesh kumar,SBS,Elite,Mahesh kumar,SBS,Elite,Mahesh kumar,SBS,Elite,Mahesh kumar,SBS,Elite
Mahesh kumar,SBS,Elite,Mahesh kumar,SBS,Elite,Mahesh kumar,SBS,Elite,Mahesh kumar,SBS,Elite,Mahesh kumar,SBS,Elite,Mahesh kumar,SBS,Elite,Mahesh kumar,SBS,Elite
Mahesh kumar,SBS,Elite,Mahesh kumar,SBS,Elite,Mahesh kumar,SBS,Elite,Mahesh kumar,SBS,Elite,Mahesh kumar,SBS,Elite,Mahesh kumar,SBS,Elite,Mahesh kumar,SBS,Elite
Mahesh kumar,SBS,Elite,Mahesh kumar,SBS,Elite,Mahesh kumar,SBS,Elite,Mahesh kumar,SBS,Elite,Mahesh kumar,SBS,Elite,Mahesh kumar,SBS,Elite,Mahesh kumar,SBS,Elite
Mahesh kumar,SBS,Elite,Mahesh kumar,SBS,Elite,Mahesh kumar,SBS,Elite,Mahesh kumar,SBS,Elite,Mahesh kumar,SBS,Elite,Mahesh kumar,SBS,Elite,Mahesh kumar,SBS,Elite
Mahesh kumar,SBS,Elite,Mahesh kumar,SBS,Elite,Mahesh kumar,SBS,Elite,Mahesh kumar,SBS,Elite,Mahesh kumar,SBS,Elite,Mahesh kumar,SBS,Elite,Mahesh kumar,SBS,Elite
Mahesh kumar,SBS,Elite,Mahesh kumar,SBS,Elite,Mahesh kumar,SBS,Elite,Mahesh kumar,SBS,Elite,Mahesh kumar,SBS,Elite,Mahesh kumar,SBS,Elite,Mahesh kumar,SBS,Elite
Mahesh kumar,SBS,Elite,Mahesh kumar,SBS,Elite,Mahesh kumar,SBS,Elite,Mahesh kumar,SBS,Elite,Mahesh kumar,SBS,Elite,Mahesh kumar,SBS,Elite,Mahesh kumar,SBS,Elite
Mahesh kumar,SBS,Elite,Mahesh kumar,SBS,Elite,Mahesh kumar,SBS,Elite,Mahesh kumar,SBS,Elite,Mahesh kumar,SBS,Elite,Mahesh kumar,SBS,Elite,Mahesh kumar,SBS,Elite
Mahesh kumar,SBS,Elite,Mahesh kumar,SBS,Elite,Mahesh kumar,SBS,Elite,Mahesh kumar,SBS,Elite,Mahesh kumar,SBS,Elite,Mahesh kumar,SBS,Elite,Mahesh kumar,SBS,Elite
Mahesh kumar,SBS,Elite,Mahesh kumar,SBS,Elite,Mahesh kumar,SBS,Elite,Mahesh kumar,SBS,Elite,Mahesh kumar,SBS,Elite,Mahesh kumar,SBS,Elite,Mahesh kumar,SBS,Elite
Mahesh kumar,SBS,Elite,Mahesh kumar,SBS,Elite,Mahesh kumar,SBS,Elite,Mahesh kumar,SBS,Elite,Mahesh kumar,SBS,Elite,Mahesh kumar,SBS,Elite,Mahesh kumar,SBS,Elite
Mahesh kumar,SBS,Elite,Mahesh kumar,SBS,Elite,Mahesh kumar,SBS,Elite,Mahesh kumar,SBS,Elite,Mahesh kumar,SBS,Elite,Mahesh kumar,SBS,Elite,Mahesh kumar,SBS,Elite
Mahesh kumar,SBS,Elite,Mahesh kumar,SBS,Elite,Mahesh kumar,SBS,Elite,Mahesh kumar,SBS,Elite,Mahesh kumar,SBS,Elite,Mahesh kumar,SBS,Elite,Mahesh kumar,SBS,Elite
Mahesh kumar,SBS,Elite,Mahesh kumar,SBS,Elite,Mahesh kumar,SBS,Elite,Mahesh kumar,SBS,Elite,Mahesh kumar,SBS,Elite,Mahesh kumar,SBS,Elite,Mahesh kumar,SBS,Elite
Mahesh kumar,SBS,Elite,Mahesh kumar,SBS,Elite,Mahesh kumar,SBS,Elite,Mahesh kumar,SBS,Elite,Mahesh kumar,SBS,Elite,Mahesh kumar,SBS,Elite,Mahesh kumar,SBS,Elite
Mahesh kumar,SBS,Elite,Mahesh kumar,SBS,Elite,Mahesh kumar,SBS,Elite,Mahesh kumar,SBS,Elite,Mahesh kumar,SBS,Elite,Mahesh kumar,SBS,Elite,Mahesh kumar,SBS,Elite
Mahesh kumar,SBS,Elite,Mahesh kumar,SBS,Elite,Mahesh kumar,SBS,Elite,Mahesh kumar,SBS,Elite,Mahesh kumar,SBS,Elite,Mahesh kumar,SBS,Elite,Mahesh kumar,SBS,Elite
Mahesh kumar,SBS,Elite,Mahesh kumar,SBS,Elite,Mahesh kumar,SBS,Elite,Mahesh kumar,SBS,Elite,Mahesh kumar,SBS,Elite,Mahesh kumar,SBS,Elite,Mahesh kumar,SBS,Elite
Mahesh kumar,SBS,Elite,Mahesh kumar,SBS,Elite,Mahesh kumar,SBS,Elite,Mahesh kumar,SBS,Elite,Mahesh kumar,SBS,Elite,Mahesh kumar,SBS,Elite,Mahesh kumar,SBS,Elite
Mahesh kumar,SBS,Elite,Mahesh kumar,SBS,Elite,Mahesh kumar,SBS,Elite,Mahesh kumar,SBS,Elite,Mahesh kumar,SBS,Elite,Mahesh kumar,SBS,Elite,Mahesh kumar,SBS,Elite
Mahesh kumar,SBS,Elite,Mahesh kumar,SBS,Elite,Mahesh kumar,SBS,Elite,Mahesh kumar,SBS,Elite,Mahesh kumar,SBS,Elite,Mahesh kumar,SBS,Elite,Mahesh kumar,SBS,Elite
Mahesh kumar,SBS,Elite,Mahesh kumar,SBS,Elite,Mahesh kumar,SBS,Elite,Mahesh kumar,SBS,Elite,Mahesh kumar,SBS,Elite,Mahesh kumar,SBS,Elite,Mahesh kumar,SBS,Elite
